{
  "base_label": "fixed_path_completed_outer19",
  "basis_source": "message_conditioned_information",
  "group_size": 20,
  "r_reduced": 4,
  "ck_schedule": [
    [
      1,
      20
    ],
    [
      1,
      50
    ],
    [
      1,
      100
    ],
    [
      1,
      200
    ],
    [
      1,
      300
    ],
    [
      2,
      20
    ],
    [
      2,
      50
    ],
    [
      2,
      100
    ],
    [
      2,
      200
    ],
    [
      2,
      300
    ],
    [
      3,
      20
    ],
    [
      3,
      50
    ],
    [
      3,
      100
    ],
    [
      3,
      200
    ],
    [
      3,
      300
    ],
    [
      4,
      20
    ],
    [
      4,
      50
    ],
    [
      4,
      100
    ],
    [
      4,
      200
    ],
    [
      4,
      300
    ],
    [
      5,
      20
    ],
    [
      5,
      50
    ],
    [
      5,
      100
    ],
    [
      5,
      200
    ],
    [
      5,
      300
    ]
  ],
  "beta_candidates": [
    1.0,
    0.8,
    0.5,
    0.3,
    0.2,
    0.1,
    0.05,
    0.02,
    0.01,
    0.005,
    0.002,
    0.001
  ],
  "start_objective": 109.57278813537108,
  "start_x_rel_to_direct": 0.00625139975406041,
  "exact_after_objective": 107.94250827356883,
  "exact_after_x_rel_to_direct": 2.675390797332292e-06
}