outer,start_objective,c,k,beta,post_objective,delta,improves,e_rel_to_exact,linear_residual_approx,accepted
20,109.57278813537108,2,300,0.5,107.9379156604909,-1.6348724748801828,True,0.6751891055916381,3713005.263669911,True
21,107.9379156604909,2,300,0.05,107.9403949538893,0.0024792933983945886,False,0.2972276614019413,4683534.933107759,False
