{
  "config": {
    "path": "/home/yuzhou/Desktop/input_INTEL_g2o.g2o",
    "group_size": 20,
    "r_reduced": 4,
    "basis_source": "joint_information"
  },
  "rows": [
    {
      "outer": 0,
      "direct_outer_objective": 3350168.410825497,
      "base_objective": 3350168.410825497,
      "exact_next_objective": 902153322.0538718,
      "projection_next_objective": 1963588193.45293,
      "ideal_coarse_next_objective": 1709844369.3020866,
      "projection_next_gap_to_exact": 1061434871.3990582,
      "ideal_coarse_next_gap_to_exact": 807691047.2482148,
      "e_star_norm": 699.3488142897845,
      "projection_rel_error": 0.586915747077848,
      "ideal_coarse_rel_error": 0.8104987990729852,
      "projection_a_rel_error": 1.001701694681446,
      "ideal_coarse_a_rel_error": 0.9813505150302302,
      "projection_linear_residual": 1535584.222161681,
      "ideal_coarse_linear_residual": 1535879.7693887171,
      "exact_linear_residual": 0.001431575703154367,
      "coarse_residual_norm": 930.3450204725334,
      "coarse_dim": 244,
      "num_groups": 61,
      "full_dim": 3684,
      "compression_ratio": 0.06623235613463627
    },
    {
      "outer": 1,
      "direct_outer_objective": 902153322.0538718,
      "base_objective": 902153322.0538718,
      "exact_next_objective": 4712688.29331331,
      "projection_next_objective": 902737110.4308217,
      "ideal_coarse_next_objective": 903267860.589039,
      "projection_next_gap_to_exact": 898024422.1375084,
      "ideal_coarse_next_gap_to_exact": 898555172.2957257,
      "e_star_norm": 34.980999709860846,
      "projection_rel_error": 0.7130529600040239,
      "ideal_coarse_rel_error": 0.9580730565758865,
      "projection_a_rel_error": 1.0000000103748408,
      "ideal_coarse_a_rel_error": 0.9999997107919206,
      "projection_linear_residual": 98509367917.68846,
      "ideal_coarse_linear_residual": 98509367917.79446,
      "exact_linear_residual": 0.00022406731799749422,
      "coarse_residual_norm": 63.23975236505341,
      "coarse_dim": 244,
      "num_groups": 61,
      "full_dim": 3684,
      "compression_ratio": 0.06623235613463627
    },
    {
      "outer": 2,
      "direct_outer_objective": 4712688.29331331,
      "base_objective": 4712688.29331331,
      "exact_next_objective": 109.13274693353951,
      "projection_next_objective": 4712695.954339807,
      "ideal_coarse_next_objective": 4712690.915900908,
      "projection_next_gap_to_exact": 4712586.821592873,
      "ideal_coarse_next_gap_to_exact": 4712581.783153974,
      "e_star_norm": 1.4030420782813426,
      "projection_rel_error": 0.6707492690171478,
      "ideal_coarse_rel_error": 0.9661412919383741,
      "projection_a_rel_error": 1.0000000911888889,
      "ideal_coarse_a_rel_error": 0.9999999745888186,
      "projection_linear_residual": 7122136070.229804,
      "ideal_coarse_linear_residual": 7122136070.230801,
      "exact_linear_residual": 1.732033833613413e-06,
      "coarse_residual_norm": 1.328558119776217,
      "coarse_dim": 244,
      "num_groups": 61,
      "full_dim": 3684,
      "compression_ratio": 0.06623235613463627
    },
    {
      "outer": 3,
      "direct_outer_objective": 109.13274693353951,
      "base_objective": 109.13274693353951,
      "exact_next_objective": 107.91906069978756,
      "projection_next_objective": 109.13294636162544,
      "ideal_coarse_next_objective": 109.13270515607259,
      "projection_next_gap_to_exact": 1.2138856618378782,
      "ideal_coarse_next_gap_to_exact": 1.2136444562850244,
      "e_star_norm": 0.020180951686789912,
      "projection_rel_error": 0.5262975195098247,
      "ideal_coarse_rel_error": 0.8784829577706593,
      "projection_a_rel_error": 1.0000796379282868,
      "ideal_coarse_a_rel_error": 0.9999827429152098,
      "projection_linear_residual": 3456491.382102226,
      "ideal_coarse_linear_residual": 3456491.382072611,
      "exact_linear_residual": 1.6908898794281618e-08,
      "coarse_residual_norm": 0.015219819994794898,
      "coarse_dim": 244,
      "num_groups": 61,
      "full_dim": 3684,
      "compression_ratio": 0.06623235613463627
    },
    {
      "outer": 4,
      "direct_outer_objective": 107.91906069978756,
      "base_objective": 107.91906069978756,
      "exact_next_objective": 107.91906057435813,
      "projection_next_objective": 107.91906074808496,
      "ideal_coarse_next_objective": 107.91906068649752,
      "projection_next_gap_to_exact": 1.7372683203120687e-07,
      "ideal_coarse_next_gap_to_exact": 1.1213938932996825e-07,
      "e_star_norm": 0.000341844482073432,
      "projection_rel_error": 0.5943886813559885,
      "ideal_coarse_rel_error": 0.8715656261360653,
      "projection_a_rel_error": 1.178534193584064,
      "ideal_coarse_a_rel_error": 0.9452726691174492,
      "projection_linear_residual": 4.932127086688673,
      "ideal_coarse_linear_residual": 4.9321259006763105,
      "exact_linear_residual": 5.965024478422204e-10,
      "coarse_residual_norm": 0.0002421399209253051,
      "coarse_dim": 244,
      "num_groups": 61,
      "full_dim": 3684,
      "compression_ratio": 0.06623235613463627
    },
    {
      "outer": 5,
      "direct_outer_objective": 107.91906057435813,
      "base_objective": 107.91906057435813,
      "exact_next_objective": 107.9190605740833,
      "projection_next_objective": 107.91906057443902,
      "ideal_coarse_next_objective": 107.91906057414778,
      "projection_next_gap_to_exact": 3.5571190437622136e-10,
      "ideal_coarse_next_gap_to_exact": 6.447464784287149e-11,
      "e_star_norm": 2.1687027192468303e-05,
      "projection_rel_error": 0.4919659400269811,
      "ideal_coarse_rel_error": 0.7865989247821658,
      "projection_a_rel_error": 1.1341103657759093,
      "ideal_coarse_a_rel_error": 0.5820362452813167,
      "projection_linear_residual": 0.005064749432265473,
      "ideal_coarse_linear_residual": 0.005061569968674772,
      "exact_linear_residual": 9.834437491229019e-11,
      "coarse_residual_norm": 2.6734125894880867e-05,
      "coarse_dim": 244,
      "num_groups": 61,
      "full_dim": 3684,
      "compression_ratio": 0.06623235613463627
    },
    {
      "outer": 6,
      "direct_outer_objective": 107.9190605740833,
      "base_objective": 107.9190605740833,
      "exact_next_objective": 107.91906057406523,
      "projection_next_objective": 107.91906057417057,
      "ideal_coarse_next_objective": 107.9190605741815,
      "projection_next_gap_to_exact": 1.0534506600379245e-10,
      "ideal_coarse_next_gap_to_exact": 1.162732132797828e-10,
      "e_star_norm": 1.2346972288624102e-05,
      "projection_rel_error": 0.6586923610913538,
      "ideal_coarse_rel_error": 0.9996764752323652,
      "projection_a_rel_error": 15.222524960886677,
      "ideal_coarse_a_rel_error": 0.9459075486573028,
      "projection_linear_residual": 0.00014481049676226,
      "ideal_coarse_linear_residual": 3.691305188074324e-05,
      "exact_linear_residual": 5.230404705640949e-11,
      "coarse_residual_norm": 4.2060090031600616e-07,
      "coarse_dim": 244,
      "num_groups": 61,
      "full_dim": 3684,
      "compression_ratio": 0.06623235613463627
    },
    {
      "outer": 7,
      "direct_outer_objective": 107.91906057406523,
      "base_objective": 107.91906057406523,
      "exact_next_objective": 107.91906057418903,
      "projection_next_objective": 107.91906057416566,
      "ideal_coarse_next_objective": 107.91906057411477,
      "projection_next_gap_to_exact": -2.3376856006507296e-11,
      "ideal_coarse_next_gap_to_exact": -7.426592674164567e-11,
      "e_star_norm": 8.935146632710782e-06,
      "projection_rel_error": 0.6577570973690323,
      "ideal_coarse_rel_error": 1.000142566766115,
      "projection_a_rel_error": 67.83425487092994,
      "ideal_coarse_a_rel_error": 0.9969236979293997,
      "projection_linear_residual": 0.00010863188882118691,
      "ideal_coarse_linear_residual": 3.588097198471978e-05,
      "exact_linear_residual": 1.1985791712167889e-11,