{
  "path": "/home/yuzhou/Desktop/input_INTEL_g2o.g2o",
  "num_outer": 100,
  "dampings": [
    1.0,
    0.8,
    0.5,
    0.1
  ],
  "summary": [
    {
      "damping": 1.0,
      "num_outer": 100,
      "best_outer": 47,
      "best_objective": 107.91906057405497,
      "final_objective": 107.91906057406256,
      "final_step_norm": 2.3428465850309584e-05
    },
    {
      "damping": 0.8,
      "num_outer": 100,
      "best_outer": 35,
      "best_objective": 107.91906057407083,
      "final_objective": 107.91906057413159,
      "final_step_norm": 5.9475736706773934e-06
    },
    {
      "damping": 0.5,
      "num_outer": 100,
      "best_outer": 49,
      "best_objective": 107.91906057405525,
      "final_objective": 107.91906057409402,
      "final_step_norm": 6.925819332507273e-06
    },
    {
      "damping": 0.1,
      "num_outer": 100,
      "best_outer": 100,
      "best_objective": 107.94678687930988,
      "final_objective": 107.94678687930988,
      "final_step_norm": 0.0020811134639670942
    }
  ]
}