{
  "damping": 0.1,
  "num_outer": 300,
  "final_objective": 107.91906057412336,
  "best_objective": 107.91906057403602
}