{
  "config": {
    "path": "/home/yuzhou/Desktop/input_INTEL_g2o.g2o",
    "group_size": 20,
    "r_reduced": 6,
    "basis_source": "joint_information"
  },
  "rows": [
    {
      "outer": 0,
      "direct_outer_objective": 3350168.410825497,
      "base_objective": 3350168.410825497,
      "exact_next_objective": 902153322.0538718,
      "projection_next_objective": 6301670981.197669,
      "ideal_coarse_next_objective": 8606864319.126348,
      "projection_next_gap_to_exact": 5399517659.143797,
      "ideal_coarse_next_gap_to_exact": 7704710997.072476,
      "e_star_norm": 699.3488142897845,
      "projection_rel_error": 0.5359198000308685,
      "ideal_coarse_rel_error": 0.7810422238986313,
      "projection_a_rel_error": 1.0010404279890794,
      "ideal_coarse_a_rel_error": 0.9744963878695521,
      "projection_linear_residual": 1533029.3607988742,
      "ideal_coarse_linear_residual": 1532992.5071209748,
      "exact_linear_residual": 0.001431575703154367,
      "coarse_residual_norm": 1257.9184768295397,
      "coarse_dim": 366,
      "num_groups": 61,
      "full_dim": 3684,
      "compression_ratio": 0.0993485342019544
    },
    {
      "outer": 1,
      "direct_outer_objective": 902153322.0538718,
      "base_objective": 902153322.0538718,
      "exact_next_objective": 4712688.29331331,
      "projection_next_objective": 903266135.4787326,
      "ideal_coarse_next_objective": 905548148.4856721,
      "projection_next_gap_to_exact": 898553447.1854193,
      "ideal_coarse_next_gap_to_exact": 900835460.1923589,
      "e_star_norm": 34.980999709860846,
      "projection_rel_error": 0.6558505647981278,
      "ideal_coarse_rel_error": 0.9454992323070976,
      "projection_a_rel_error": 0.9999999852835579,
      "ideal_coarse_a_rel_error": 0.9999995281199819,
      "projection_linear_residual": 98509367917.76636,
      "ideal_coarse_linear_residual": 98509367918.0778,
      "exact_linear_residual": 0.00022406731799749422,
      "coarse_residual_norm": 100.94198837315241,
      "coarse_dim": 366,
      "num_groups": 61,
      "full_dim": 3684,
      "compression_ratio": 0.0993485342019544
    },
    {
      "outer": 2,
      "direct_outer_objective": 4712688.29331331,
      "base_objective": 4712688.29331331,
      "exact_next_objective": 109.13274693353951,
      "projection_next_objective": 4712686.110052,
      "ideal_coarse_next_objective": 4712694.576127022,
      "projection_next_gap_to_exact": 4712576.977305066,
      "ideal_coarse_next_gap_to_exact": 4712585.443380088,
      "e_star_norm": 1.4030420782813426,
      "projection_rel_error": 0.6197139276273629,
      "ideal_coarse_rel_error": 0.962401687507245,
      "projection_a_rel_error": 1.000000124576345,
      "ideal_coarse_a_rel_error": 0.9999999582879637,
      "projection_linear_residual": 7122136070.224374,
      "ideal_coarse_linear_residual": 7122136070.228444,
      "exact_linear_residual": 1.732033833613413e-06,
      "coarse_residual_norm": 2.0687602803414493,
      "coarse_dim": 366,
      "num_groups": 61,
      "full_dim": 3684,
      "compression_ratio": 0.0993485342019544
    },
    {
      "outer": 3,
      "direct_outer_objective": 109.13274693353951,
      "base_objective": 109.13274693353951,
      "exact_next_objective": 107.91906069978756,
      "projection_next_objective": 109.13300373624766,
      "ideal_coarse_next_objective": 109.13269944649525,
      "projection_next_gap_to_exact": 1.213943036460094,
      "ideal_coarse_next_gap_to_exact": 1.2136387467076872,
      "e_star_norm": 0.020180951686789912,
      "projection_rel_error": 0.47623937612838174,
      "ideal_coarse_rel_error": 0.8746535579614394,
      "projection_a_rel_error": 1.0001029312399232,
      "ideal_coarse_a_rel_error": 0.9999803887806308,
      "projection_linear_residual": 3456491.3820948815,
      "ideal_coarse_linear_residual": 3456491.3820651765,
      "exact_linear_residual": 1.6908898794281618e-08,
      "coarse_residual_norm": 0.0182139578703845,
      "coarse_dim": 366,
      "num_groups": 61,
      "full_dim": 3684,
      "compression_ratio": 0.0993485342019544
    },
    {
      "outer": 4,
      "direct_outer_objective": 107.91906069978756,
      "base_objective": 107.91906069978756,
      "exact_next_objective": 107.91906057435813,
      "projection_next_objective": 107.91906076357236,
      "ideal_coarse_next_objective": 107.91906067915598,
      "projection_next_gap_to_exact": 1.8921423361462075e-07,
      "ideal_coarse_next_gap_to_exact": 1.0479784862127417e-07,
      "e_star_norm": 0.000341844482073432,
      "projection_rel_error": 0.4910776520377916,
      "ideal_coarse_rel_error": 0.8400822162257457,
      "projection_a_rel_error": 1.2298930720643058,
      "ideal_coarse_a_rel_error": 0.9133308978205715,
      "projection_linear_residual": 4.932129343310941,
      "ideal_coarse_linear_residual": 4.932125932562838,
      "exact_linear_residual": 5.965024478422204e-10,
      "coarse_residual_norm": 0.00037802353528747034,
      "coarse_dim": 366,
      "num_groups": 61,
      "full_dim": 3684,
      "compression_ratio": 0.0993485342019544
    },
    {
      "outer": 5,
      "direct_outer_objective": 107.91906057435813,
      "base_objective": 107.91906057435813,
      "exact_next_objective": 107.9190605740833,
      "projection_next_objective": 107.91906057453647,
      "ideal_coarse_next_objective": 107.91906057424599,
      "projection_next_gap_to_exact": 4.531699460130767e-10,
      "ideal_coarse_next_gap_to_exact": 1.6268586477963254e-10,
      "e_star_norm": 2.1687027192468303e-05,
      "projection_rel_error": 0.4459840069432043,
      "ideal_coarse_rel_error": 0.7858668948080647,
      "projection_a_rel_error": 1.2585085935813332,
      "ideal_coarse_a_rel_error": 0.5699781380229547,
      "projection_linear_residual": 0.005067637442036206,
      "ideal_coarse_linear_residual": 0.00506160576598512,
      "exact_linear_residual": 9.834437491229019e-11,
      "coarse_residual_norm": 2.7819413363129884e-05,
      "coarse_dim": 366,
      "num_groups": 61,
      "full_dim": 3684,
      "compression_ratio": 0.0993485342019544
    },
    {
      "outer": 6,
      "direct_outer_objective": 107.9190605740833,
      "base_objective": 107.9190605740833,
      "exact_next_objective": 107.91906057406523,
      "projection_next_objective": 107.91906057434677,
      "ideal_coarse_next_objective": 107.91906057411403,
      "projection_next_gap_to_exact": 2.815454536175821e-10,
      "ideal_coarse_next_gap_to_exact": 4.880007509200368e-11,
      "e_star_norm": 1.2346972288624102e-05,
      "projection_rel_error": 0.6069713747601131,
      "ideal_coarse_rel_error": 0.9999023636363344,
      "projection_a_rel_error": 17.975657176019716,
      "ideal_coarse_a_rel_error": 0.9288017368887449,
      "projection_linear_residual": 0.0001857217434888582,
      "ideal_coarse_linear_residual": 3.691900992951825e-05,
      "exact_linear_residual": 5.230404705640949e-11,
      "coarse_residual_norm": 6.052166894815578e-07,
      "coarse_dim": 366,
      "num_groups": 61,
      "full_dim": 3684,
      "compression_ratio": 0.0993485342019544
    },
    {
      "outer": 7,
      "direct_outer_objective": 107.91906057406523,
      "base_objective": 107.91906057406523,
      "exact_next_objective": 107.91906057418903,
      "projection_next_objective": 107.91906057420617,
      "ideal_coarse_next_objective": 107.91906057418558,
      "projection_next_gap_to_exact": 1.7138290786533616e-11,
      "ideal_coarse_next_gap_to_exact": -3.453237695794087e-12,
      "e_star_norm": 8.935146632710782e-06,
      "projection_rel_error": 0.6026235313347187,
      "ideal_coarse_rel_error": 1.0001313838770338,
      "projection_a_rel_error": 80.24062578181936,
      "ideal_coarse_a_rel_error": 0.9966051729356287,
      "projection_linear_residual": 0.00013874087288108874,
      "ideal_coarse_linear_residual": 3.588081778762918e-05,
      "exact_linear_residual": 1.1985791712167889e-11,