outer,nonlinear_objective,linear_step_norm,linear_residual_norm,relative_objective_improvement
0,3350168.410825497,,,
1,902153322.0538718,699.3488142897845,0.001431575703154367,268.2859616068008
