{
  "base_label": "initial",
  "basis_source": "message_conditioned_information",
  "group_size": 20,
  "r_reduced": 4,
  "ck_schedule": [
    [
      1,
      20
    ],
    [
      1,
      50
    ],
    [
      1,
      100
    ],
    [
      1,
      200
    ],
    [
      2,
      20
    ],
    [
      2,
      50
    ],
    [
      2,
      100
    ],
    [
      2,
      200
    ],
    [
      3,
      20
    ],
    [
      3,
      50
    ],
    [
      3,
      100
    ],
    [
      3,
      200
    ],
    [
      4,
      20
    ],
    [
      4,
      50
    ],
    [
      4,
      100
    ],
    [
      4,
      200
    ],
    [
      5,
      20
    ],
    [
      5,
      50
    ],
    [
      5,
      100
    ],
    [
      5,
      200
    ]
  ],
  "beta_candidates": [
    1.0,
    0.8,
    0.5,
    0.3,
    0.2,
    0.1,
    0.05,
    0.02,
    0.01,
    0.005,
    0.002,
    0.001
  ],
  "start_objective": 3350168.410825497,
  "start_x_rel_to_direct": 1.2312708232912002,
  "exact_after_objective": 902153322.0538718,
  "exact_after_x_rel_to_direct": 0.06768441081803492
}