base_label,start_objective,start_x_rel_to_direct,exact_after_objective,exact_after_x_rel_to_direct,c,k,ck_cost,beta,post_objective,objective_improvement,x_rel_to_direct,x_rel_improvement,linear_residual_approx,e_rel_to_exact,raw_full_step_objective,last_cycle_pre_residual_ratio,last_cycle_post_residual_ratio
fixed_path_completed_outer19,109.57278813537108,0.00625139975406041,107.94250827356883,2.675390797332292e-06,1,20,20,1.0,36915134507.469955,-36915134397.89717,1.3892508507241925,-1.3829994509701322,130787093123.51984,229.152800567776,36915134507.469955,33102.041304972074,33097.43500171852
fixed_path_completed_outer19,109.57278813537108,0.00625139975406041,107.94250827356883,2.675390797332292e-06,1,20,20,0.1,36632420.72619671,-36632311.15340857,0.14126617713475761,-0.1350147773806972,130787093123.51984,229.152800567776,36915134507.469955,33102.041304972074,33097.43500171852
