{
  "base_label": "intel_g2o_adaptive_rule_bridge_v3_message_conditioned_information_outer20_trajectories_pose_history_completed_outer15",
  "basis_source": "message_conditioned_information",
  "group_size": 20,
  "r_reduced": 4,
  "ck_schedule": [
    [
      2,
      100
    ],
    [
      2,
      200
    ],
    [
      2,
      300
    ],
    [
      3,
      50
    ],
    [
      3,
      100
    ],
    [
      3,
      200
    ],
    [
      4,
      100
    ],
    [
      4,
      200
    ],
    [
      5,
      100
    ],
    [
      5,
      200
    ]
  ],
  "beta_candidates": [
    1.0,
    0.8,
    0.5,
    0.3,
    0.2,
    0.1,
    0.05,
    0.02,
    0.01,
    0.005,
    0.002,
    0.001
  ],
  "start_objective": 214.62164512027536,
  "start_x_rel_to_direct": 0.013278152388381982,
  "exact_after_objective": 107.94098045471608,
  "exact_after_x_rel_to_direct": 4.88230979842029e-06
}