base_label,start_objective,start_x_rel_to_direct,exact_after_objective,exact_after_x_rel_to_direct,c,k,ck_cost,beta,post_objective,objective_improvement,x_rel_to_direct,x_rel_improvement,linear_residual_approx,e_rel_to_exact,raw_full_step_objective,last_cycle_pre_residual_ratio,last_cycle_post_residual_ratio
initial,3350168.410825497,1.2312708232912002,902153322.0538718,0.06768441081803492,1,20,20,1.0,1427296706206.2122,-1427293356037.8013,2.040491665301742,-0.8092208420105418,3825246113765.885,1.7612275182050188,1427296706206.2122,2483000.6339411917,2483000.154237723
initial,3350168.410825497,1.2312708232912002,902153322.0538718,0.06768441081803492,1,20,20,0.1,15824292846.666126,-15820942678.2553,1.242782014611592,-0.0115111913203918,3825246113765.885,1.7612275182050188,1427296706206.2122,2483000.6339411917,2483000.154237723
