outer,phase,objective,gap_to_direct_optimum,x_rel_to_direct,accepted,objective_improvement,x_rel_improvement,selected_c,selected_k,selected_beta,linear_residual_approx,e_rel_to_exact,raw_full_step_objective,last_cycle_pre_residual_ratio,last_cycle_post_residual_ratio
0,initial,3350168.410825497,3350060.491764923,1.2312708232912002,True,,,,,,,,,,
1,geometry_high,38832389.48202884,38832281.56296827,0.4284144370601343,True,-35482221.07120334,0.8028563862310658,5,50,1.0,16297649311.802877,0.3977789389977822,38832389.48202884,1.5764626177207812,1.5764625273592534
2,geometry_high,72659315.8244745,72659207.90541393,0.1390746138261819,True,-33826926.34244566,0.28933982323395246,5,50,1.0,467427732.73767984,0.35229034720193336,72659315.8244745,0.8099079907958682,0.8099082423118394
