{
  "num_vertices": 3500,
  "num_edges": 5453,
  "num_odometry_edges": 3499,
  "num_loop_edges": 1954,
  "original_id_min": 0,
  "original_id_max": 3499,
  "original_ids_contiguous": true,
  "max_edge_gap": 2815,
  "max_loop_gap": 2815,
  "x_min": -37.926552,
  "x_max": 41.847671,
  "y_min": -78.025096,
  "y_max": 8.426293,
  "theta_min": -3.141187,
  "theta_max": 3.13658,
  "xy_span_norm": 117.6340482823024,
  "mean_odom_step_xy": 1.0000152728700948,
  "median_odom_step_xy": 1.000207008410759,
  "max_odom_step_xy": 1.0786108945388955,
  "mean_loop_index_gap": 361.65813715455477,
  "median_loop_index_gap": 64.0,
  "initial_objective": 1317356.2725119141,
  "plot_path": "/home/yuzhou/Desktop/abstraction-recovery/svd_abstraction/out/m3500_g2o_initial_pose_graph.png"
}