iteration,graph_error,custom_objective,absolute_decrease,relative_decrease
0,3548660355.520316,3548660355.5203156,,
1,3712323033.062081,3712323033.062083,163662677.54176474,0.046119566581560884
