{
  "config": {
    "topk": 10
  },
  "synthetic": {
    "name": "synthetic_fixed_residual",
    "topk": 10,
    "full_dim": 1024,
    "e_star_norm": 299.0955831140506,
    "dim": 1024,
    "eigvals": [
      8.278928712671487e-05,
      8.27895732390398e-05,
      0.0014813921968639785,
      0.0014813922595337651,
      0.005376616741985894,
      0.005376617796189531,
      0.010286556319695082,
      0.010286556338272159,
      0.01292743493087593,
      0.012927434959239132
    ],
    "proj_rel": 0.28542343620720617,
    "captured_norm_ratio": 0.9584015140136579
  },
  "intel": {
    "name": "intel_initial_residual",
    "topk": 10,
    "full_dim": 3684,
    "e_star_norm": 699.3488142897845,
    "dim": 3684,
    "eigvals": [
      7.205734817182297e-05,
      0.0012583149993511196,
      0.002707417664489533,
      0.04606055931406083,
      0.06353956632779871,
      0.0813542932031173,
      0.0853071964116471,
      0.09727865117678627,
      0.12264080970662308,
      0.12469080057937185
    ],
    "proj_rel": 0.40274045372637596,
    "captured_norm_ratio": 0.9153142230580021
  }
}