{
  "config": {
    "n": 512,
    "seed": 0,
    "prior_sigma": 1.0,
    "odom_sigma": 1.0,
    "lam_tol": 1e-10,
    "lam_max_sweeps": 5000
  },
  "lam_warmup": {
    "sweeps": 148,
    "delta": 9.706091486094692e-11
  },
  "eta_system": {
    "num_unknowns": 3580,
    "nnz": 15060,
    "solution_norm": 37.522887735781865
  },
  "fixed_point_state": {
    "relative_state_error": 8.968116211441805e-13,
    "algebraic_residual": 2.414441247177808e-12,
    "energy_gap": 2.30463424673009e-19,
    "e_norm": 7.66422017476154e-09,
    "belief_eta_max_abs": 2.3101236479305953e-09,
    "belief_mu_max_abs": 3.967665105852841e-10,
    "message_eta_fixed_point_residual_max_abs": 1.9984014443252818e-15
  },
  "one_more_fixed_lam_iteration": {
    "relative_state_error": 8.968115994281124e-13,
    "algebraic_residual": 2.414741816455568e-12,
    "energy_gap": 2.3046361234344514e-19,
    "message_eta_delta_max_abs": 1.9984014443252818e-15,
    "message_eta_delta_norm": 1.3272174595406551e-14,
    "e_delta_norm": 4.25522165557194e-15,
    "post_e_norm": 7.664220100980273e-09
  }
}