{
  "optimum_objective_direct50": 26.770030023115655,
  "table": [
    {
      "outer": 0,
      "optimum_objective_direct50": 26.770030023115655,
      "direct20_objective_minus_optimum": 785.9848353461699,
      "direct20_xy_rel_to_direct50": 0.13766141690305253,
      "mg_c10_objective_minus_optimum": 785.9848353461699,
      "mg_c10_xy_rel_to_direct50": 0.13766141690305253,
      "mg_c5_objective_minus_optimum": 785.9848353461699,
      "mg_c5_xy_rel_to_direct50": 0.13766141690305253,
      "mg_c2_objective_minus_optimum": 785.9848353461699,
      "mg_c2_xy_rel_to_direct50": 0.13766141690305253,
      "mg_c1_objective_minus_optimum": 785.9848353461699,
      "mg_c1_xy_rel_to_direct50": 0.13766141690305253
    },
    {
      "outer": 1,
      "optimum_objective_direct50": 26.770030023115655,
      "direct20_objective_minus_optimum": 58.92847467878612,
      "direct20_xy_rel_to_direct50": 0.019687714177361485,
      "mg_c10_objective_minus_optimum": 58.91337182347283,
      "mg_c10_xy_rel_to_direct50": 0.019638581307800475,
      "mg_c5_objective_minus_optimum": 58.970547548196464,
      "mg_c5_xy_rel_to_direct50": 0.01984514431861492,
      "mg_c2_objective_minus_optimum": 57.997095932034526,
      "mg_c2_xy_rel_to_direct50": 0.018674122879814806,
      "mg_c1_objective_minus_optimum": 43.243756665015795,
      "mg_c1_xy_rel_to_direct50": 0.02135518915930792
    },
    {
      "outer": 2,
      "optimum_objective_direct50": 26.770030023115655,
      "direct20_objective_minus_optimum": 0.006324109586266502,
      "direct20_xy_rel_to_direct50": 0.0001745205001754354,
      "mg_c10_objective_minus_optimum": 0.006298271607537487,
      "mg_c10_xy_rel_to_direct50": 0.0001695656231343903,
      "mg_c5_objective_minus_optimum": 0.006478076316515313,
      "mg_c5_xy_rel_to_direct50": 0.00020111768681521612,
      "mg_c2_objective_minus_optimum": 0.006094967011673447,
      "mg_c2_xy_rel_to_direct50": 0.0008973333408434339,
      "mg_c1_objective_minus_optimum": 0.02648993290112145,
      "mg_c1_xy_rel_to_direct50": 0.002807435242372788
    },
    {
      "outer": 3,
      "optimum_objective_direct50": 26.770030023115655,
      "direct20_objective_minus_optimum": 4.312661566530096e-06,
      "direct20_xy_rel_to_direct50": 4.815258413379406e-06,
      "mg_c10_objective_minus_optimum": 4.26745558357311e-06,
      "mg_c10_xy_rel_to_direct50": 4.521010984127357e-06,
      "mg_c5_objective_minus_optimum": 1.0593309305306775e-05,
      "mg_c5_xy_rel_to_direct50": 2.1775896898009066e-05,
      "mg_c2_objective_minus_optimum": 0.0001867193549003332,
      "mg_c2_xy_rel_to_direct50": 0.000289755614546513,
      "mg_c1_objective_minus_optimum": 0.008065239849859296,
      "mg_c1_xy_rel_to_direct50": 0.00045747320966991507
    },
    {
      "outer": 4,
      "optimum_objective_direct50": 26.770030023115655,
      "direct20_objective_minus_optimum": 4.773195172447231e-09,
      "direct20_xy_rel_to_direct50": 2.1716349596240875e-07,
      "mg_c10_objective_minus_optimum": 1.781671343792368e-08,
      "mg_c10_xy_rel_to_direct50": 9.947911208061386e-07,
      "mg_c5_objective_minus_optimum": 5.500238586364503e-06,
      "mg_c5_xy_rel_to_direct50": 2.006592720143555e-05,
      "mg_c2_objective_minus_optimum": 0.00018594024006191034,
      "mg_c2_xy_rel_to_direct50": 0.0002648690760887329,
      "mg_c1_objective_minus_optimum": 0.008075864478758632,
      "mg_c1_xy_rel_to_direct50": 0.0005680001173201517
    },
    {
      "outer": 5,
      "optimum_objective_direct50": 26.770030023115655,
      "direct20_objective_minus_optimum": 5.4853899200679734e-12,
      "direct20_xy_rel_to_direct50": 1.237407426157999e-07,
      "mg_c10_objective_minus_optimum": 1.5381701246042212e-08,
      "mg_c10_xy_rel_to_direct50": 9.576858719359143e-07,
      "mg_c5_objective_minus_optimum": 5.450974601473035e-06,
      "mg_c5_xy_rel_to_direct50": 1.99874151680187e-05,
      "mg_c2_objective_minus_optimum": 0.00018608472277392707,
      "mg_c2_xy_rel_to_direct50": 0.00026402697662332225,
      "mg_c1_objective_minus_optimum": 0.008138379031517928,
      "mg_c1_xy_rel_to_direct50": 0.0009651287402556959
    },
    {
      "outer": 6,
      "optimum_objective_direct50": 26.770030023115655,
      "direct20_objective_minus_optimum": 1.900701818158268e-12,
      "direct20_xy_rel_to_direct50": 2.1869970448007258e-07,
      "mg_c10_objective_minus_optimum": 1.5437233713555543e-08,
      "mg_c10_xy_rel_to_direct50": 1.0035306005448246e-06,
      "mg_c5_objective_minus_optimum": 5.449689638226118e-06,
      "mg_c5_xy_rel_to_direct50": 1.990395974861526e-05,
      "mg_c2_objective_minus_optimum": 0.00018608518822915698,
      "mg_c2_xy_rel_to_direct50": 0.00026377140841853916,
      "mg_c1_objective_minus_optimum": 0.008175210453739368,
      "mg_c1_xy_rel_to_direct50": 0.0011355491364103687
    },
    {
      "outer": 7,
      "optimum_objective_direct50": 26.770030023115655,
      "direct20_objective_minus_optimum": 1.5987211554602254e-13,
      "direct20_xy_rel_to_direct50": 1.8036780743426035e-07,
      "mg_c10_objective_minus_optimum": 1.5442939371723696e-08,
      "mg_c10_xy_rel_to_direct50": 9.955125078987083e-07,
      "mg_c5_objective_minus_optimum": 5.449894302955727e-06,
      "mg_c5_xy_rel_to_direct50": 1.995871889305412e-05,
      "mg_c2_objective_minus_optimum": 0.0001860867759297946,
      "mg_c2_xy_rel_to_direct50": 0.0002639137411535694,
      "mg_c1_objective_minus_optimum": 0.008192637098858313,
      "mg_c1_xy_rel_to_direct50": 0.0012074961603641837
    },
    {
      "outer": 8,
      "optimum_objective_direct50": 26.770030023115655,
      "direct20_objective_minus_optimum": 7.105427357601002e-15,
      "direct20_xy_rel_to_direct50": 1.1411469866793145e-07,
      "mg_c10_objective_minus_optimum": 1.5420496879414713e-08,
      "mg_c10_xy_rel_to_direct50": 1.0469024004813253e-06,
      "mg_c5_objective_minus_optimum": 5.449892473308182e-06,
      "mg_c5_xy_rel_to_direct50": 2.0091281365634663e-05,
      "mg_c2_objective_minus_optimum": 0.00018608558021426802,
      "mg_c2_xy_rel_to_direct50": 0.00026373933685122137,
      "mg_c1_objective_minus_optimum": 0.0082003223803504,
      "mg_c1_xy_rel_to_direct50": 0.0012380656359050745
    },
    {
      "outer": 9,
      "optimum_objective_direct50": 26.770030023115655,
      "direct20_objective_minus_optimum": -5.684341886080801e-13,
      "direct20_xy_rel_to_direct50": 2.0979046903687826e-07,
      "mg_c10_objective_minus_optimum": 1.54390171758223e-08,
      "mg_c10_xy_rel_to_direct50": 1.0044651494934191e-06,
      "mg_c5_objective_minus_optimum": 5.449517729516629e-06,
      "mg_c5_xy_rel_to_direct50": 1.9854626305159587e-05,
      "mg_c2_objective_minus_optimum": 0.00018608734694680606,
      "mg_c2_xy_rel_to_direct50": 0.00026400434704468994,
      "mg_c1_objective_minus_optimum": 0.008203635839890921,
      "mg_c1_xy_rel_to_direct50": 0.0012508146338965505
    },
    {
      "outer": 10,
      "optimum_objective_direct50": 26.770030023115655,
      "direct20_objective_minus_optimum": 1.1368683772161603e-12,
      "direct20_xy_rel_to_direct50": 1.598478038798408e-07,
      "mg_c10_objective_minus_optimum": 1.5429169053504665e-08,
      "mg_c10_xy_rel_to_direct50": 1.0449532731285637e-06,
      "mg_c5_objective_minus_optimum": 5.44973771354762e-06,
      "mg_c5_xy_rel_to_direct50": 1.988149105737336e-05,
      "mg_c2_objective_minus_optimum": 0.00018608593433100395,
      "mg_c2_xy_rel_to_direct50": 0.0002638535162618073,
      "mg_c1_objective_minus_optimum": 0.00820504310265946,
      "mg_c1_xy_rel_to_direct50": 0.0012566703982316574
    },
    {
      "outer": 11,
      "optimum_objective_direct50": 26.770030023115655,
      "direct20_objective_minus_optimum": 7.993605777301127e-13,
      "direct20_xy_rel_to_direct50": 4.5556128346331064e-07,
      "mg_c10_objective_minus_optimum": 1.544091432492678e-08,
      "mg_c10_xy_rel_to_direct50": 9.980362850382914e-07,
      "mg_c5_objective_minus_optimum": 5.449427028736409e-06,