{
  "reference": {
    "direct20_xy_norm": 8304.056070378469,
    "gt_xy_norm": 8266.276071025988
  },
  "configs": {
    "c5": {
      "final": {
        "outer": 20,
        "config": "c5",
        "inner_cycles": 5,
        "pre_sweeps": 50,
        "xy_rel_to_direct20": 0.0019552954913381886,
        "xy_rel_to_gt": 0.14846094395024353,
        "nonlinear_objective": 593.3704018425495,
        "mean_pose_log_error": 49.14341360150473,
        "rms_translation_error": 54.23593636728194,
        "rms_angle_error": 0.2426318426626367
      },
      "best_xy_rel_to_direct20": 0.0019552954913381886,
      "best_outer_xy_rel_to_direct20": 20
    },
    "c10": {
      "final": {
        "outer": 20,
        "config": "c10",
        "inner_cycles": 10,
        "pre_sweeps": 50,
        "xy_rel_to_direct20": 0.0033930051786128118,
        "xy_rel_to_gt": 0.14872563338133934,
        "nonlinear_objective": 593.6732151198385,
        "mean_pose_log_error": 49.089845990311105,
        "rms_translation_error": 54.33263303887803,
        "rms_angle_error": 0.23943848394704062
      },
      "best_xy_rel_to_direct20": 0.0033838022706855334,
      "best_outer_xy_rel_to_direct20": 15
    }
  }
}