{
  "title": "SVD GBP: pre2+post2, exact coarse solve, first 20 cycles",
  "config": {
    "N": 512,
    "seed": 0,
    "prior_prop": 0,
    "grouping": "order",
    "group_size": 20,
    "r_reduced": 4,
    "base_scheduler": "sync",
    "base_sweeps_pre": 2,
    "base_sweeps_post": 2,
    "coarse_solver": "exact"
  },
  "cycles": [
    0,
    1,
    2,
    3,
    4,
    5,
    6,
    7,
    8,
    9,
    10,
    11,
    12,
    13,
    14,
    15,
    16,
    17,
    18,
    19,
    20
  ],
  "relative_state_error": [
    0.03499792225302882,
    0.01625077254647449,
    0.009093991070694599,
    0.005181954532124597,
    0.0030705356457274378,
    0.0018875252075085515,
    0.0012115807103025883,
    0.0008333225081023102,
    0.0006389662092213438,
    0.0005544376125161985,
    0.0005267178377036666,
    0.0005233357445117167,
    0.0005284808784689878,
    0.0005356564233761909,
    0.0005425307975300297,
    0.0005484332850695889,
    0.0005533013521927334,
    0.0005572666416887837,
    0.0005604987439922155,
    0.000563151445895389,
    0.0005653489162970589
  ],
  "algebraic_residual": [
    207.4875331380065,
    18.76819705465232,
    13.2733507425315,
    12.173085860636679,
    11.848508112356994,
    11.748535853890136,
    11.718437968944523,
    11.710316139332408,
    11.70888376071623,
    11.70925562389497,
    11.709938147759406,
    11.710524210621832,
    11.710949704117603,
    11.711236908701414,
    11.711422956683863,
    11.71154388685077,
    11.711617973817752,
    11.711665330222806,
    11.711693579671474,
    11.71171462023094,
    11.711722654157274
  ],
  "energy_gap": [
    5247.724867651079,
    165.68516776653385,
    52.85136691024272,
    26.548423190325142,
    18.504941276490207,
    15.854526694225948,
    14.959658384887964,
    14.660402702424932,
    14.565886027701296,
    14.54078059768527,
    14.537896666776366,
    14.541022400585515,
    14.544891657462435,
    14.548036815095426,
    14.550243331719168,
    14.551669641892502,
    14.552519660422316,
    14.552979834596345,
    14.553181654138161,
    14.553231150189191,
    14.553173030858375
  ],
  "factor_objective": [
    5603.3530781053805,
    521.3133795407206,
    408.47957913135696,
    382.17663566440984,
    374.1331538887215,
    371.482739385334,
    370.5878711229191,
    370.2886154692928,
    370.1940988127631,
    370.16899339448076,
    370.1661094712899,
    370.1692352102722,
    370.1731044706822,
    370.1762496307767,
    370.178456149151,
    370.17988246059605,
    370.1807324800709,
    370.18119265496375,
    370.18139447506474,
    370.1814439715595,
    370.18138585258754
  ]
}